{
  "metrics": {
    "vus": {
      "type": "gauge",
      "contains": "default",
      "values": {
        "value": 300,
        "min": 300,
        "max": 300
      }
    },
    "http_reqs": {
      "type": "counter",
      "contains": "default",
      "values": {
        "count": 3422,
        "rate": 114.0527864425566
      }
    },
    "iteration_duration": {
      "type": "trend",
      "contains": "time",
      "values": {
        "avg": 2514.007652783747,
        "min": 58.826417,
        "med": 2440.014021,
        "max": 12420.534875,
        "p(90)": 3081.6464792,
        "p(95)": 3089.9346458
      }
    },
    "http_req_duration": {
      "contains": "time",
      "values": {
        "p(90)": 3081.4013,
        "p(95)": 3089.3482999999997,
        "avg": 2497.539731151374,
        "min": 0,
        "med": 2319.3865,
        "max": 10045.484
      },
      "type": "trend"
    },
    "http_req_tls_handshaking": {
      "type": "trend",
      "contains": "time",
      "values": {
        "min": 0,
        "med": 0,
        "max": 0,
        "p(90)": 0,
        "p(95)": 0,
        "avg": 0
      }
    },
    "http_req_blocked": {
      "type": "trend",
      "contains": "time",
      "values": {
        "avg": 12.579304792517926,
        "min": 0,
        "med": 0.003,
        "max": 372.688,
        "p(90)": 0.02,
        "p(95)": 136.24875
      }
    },
    "iterations": {
      "values": {
        "count": 3422,
        "rate": 114.0527864425566
      },
      "type": "counter",
      "contains": "default"
    },
    "http_req_waiting": {
      "type": "trend",
      "contains": "time",
      "values": {
        "p(95)": 3089.23425,
        "avg": 2497.415664231449,
        "min": 0,
        "med": 2319.2129999999997,
        "max": 10045.414,
        "p(90)": 3081.1938999999998
      }
    },
    "data_received": {
      "type": "counter",
      "contains": "data",
      "values": {
        "count": 3489420,
        "rate": 116299.84630870422
      }
    },
    "http_req_connecting": {
      "values": {
        "p(95)": 74.78969999999998,
        "avg": 7.209995908825253,
        "min": 0,
        "med": 0,
        "max": 312.577,
        "p(90)": 0
      },
      "type": "trend",
      "contains": "time"
    },
    "http_req_sending": {
      "type": "trend",
      "contains": "time",
      "values": {
        "p(95)": 0.042,
        "avg": 0.017924021040327445,
        "min": 0,
        "med": 0.011,
        "max": 1.678,
        "p(90)": 0.029
      }
    },
    "http_req_duration{expected_response:true}": {
      "type": "trend",
      "contains": "time",
      "values": {
        "min": 58.312,
        "med": 2320.185,
        "max": 10045.484,
        "p(90)": 3081.411,
        "p(95)": 3089.352,
        "avg": 2498.269792458346
      }
    },
    "http_req_receiving": {
      "type": "trend",
      "contains": "time",
      "values": {
        "p(90)": 0.185,
        "p(95)": 0.27294999999999986,
        "avg": 0.10614289888953822,
        "min": 0,
        "med": 0.045,
        "max": 8.064
      }
    },
    "vus_max": {
      "type": "gauge",
      "contains": "default",
      "values": {
        "min": 300,
        "max": 300,
        "value": 300
      }
    },
    "http_req_failed": {
      "type": "rate",
      "contains": "default",
      "values": {
        "fails": 3421,
        "rate": 0.0002922267679719462,
        "passes": 1
      }
    },
    "data_sent": {
      "type": "counter",
      "contains": "data",
      "values": {
        "count": 878156,
        "rate": 29268.304713982972
      }
    },
    "checks": {
      "type": "rate",
      "contains": "default",
      "values": {
        "rate": 0.9997077732320281,
        "passes": 3421,
        "fails": 1
      }
    }
  },
  "root_group": {
    "groups": [],
    "checks": [
        {
          "name": "status is 200~299",
          "path": "::status is 200~299",
          "id": "2074bc3185bb915d313c4b9f5f173d03",
          "passes": 3421,
          "fails": 1
        }
      ],
    "name": "",
    "path": "",
    "id": "d41d8cd98f00b204e9800998ecf8427e"
  },
  "options": {
    "summaryTrendStats": [
      "avg",
      "min",
      "med",
      "max",
      "p(90)",
      "p(95)"
    ],
    "summaryTimeUnit": "",
    "noColor": false
  },
  "state": {
    "isStdOutTTY": true,
    "isStdErrTTY": true,
    "testRunDurationMs": 30003.651
  }
}