{
  "state": {
    "isStdErrTTY": true,
    "testRunDurationMs": 30005.761,
    "isStdOutTTY": true
  },
  "metrics": {
    "iterations": {
      "type": "counter",
      "contains": "default",
      "values": {
        "rate": 22.295718478861442,
        "count": 669
      }
    },
    "http_req_duration": {
      "type": "trend",
      "contains": "time",
      "values": {
        "avg": 10818.561647234666,
        "min": 182.483,
        "med": 13651.013,
        "max": 15004.685,
        "p(90)": 15000.7288,
        "p(95)": 15001.1482
      }
    },
    "checks": {
      "type": "rate",
      "contains": "default",
      "values": {
        "passes": 385,
        "fails": 284,
        "rate": 0.5754857997010463
      }
    },
    "http_req_duration{expected_response:true}": {
      "type": "trend",
      "contains": "time",
      "values": {
        "max": 14999.764,
        "p(90)": 13897.9714,
        "p(95)": 14115.8792,
        "avg": 7762.209644155844,
        "min": 182.483,
        "med": 7451.775
      }
    },
    "http_req_blocked": {
      "values": {
        "p(95)": 77.87639999999999,
        "avg": 46.25576382660703,
        "min": 0.001,
        "med": 49.366,
        "max": 709.952,
        "p(90)": 67.1486
      },
      "type": "trend",
      "contains": "time"
    },
    "data_received": {
      "contains": "data",
      "values": {
        "count": 11204591,
        "rate": 373414.6586050592
      },
      "type": "counter"
    },
    "iteration_duration": {
      "values": {
        "p(90)": 15007.2416086,
        "p(95)": 15010.135258,
        "avg": 10866.398055234677,
        "min": 182.842125,
        "med": 13705.877208,
        "max": 15012.709542
      },
      "type": "trend",
      "contains": "time"
    },
    "http_req_receiving": {
      "contains": "time",
      "values": {
        "avg": 72.7599820627802,
        "min": 0,
        "med": 49.097,
        "max": 6655.217,
        "p(90)": 100.8226,
        "p(95)": 110.2966
      },
      "type": "trend"
    },
    "http_req_tls_handshaking": {
      "type": "trend",
      "contains": "time",
      "values": {
        "p(90)": 0,
        "p(95)": 0,
        "avg": 0,
        "min": 0,
        "med": 0,
        "max": 0
      }
    },
    "http_req_failed": {
      "type": "rate",
      "contains": "default",
      "values": {
        "rate": 0.42451420029895365,
        "passes": 284,
        "fails": 385
      }
    },
    "vus": {
      "type": "gauge",
      "contains": "default",
      "values": {
        "value": 300,
        "min": 300,
        "max": 300
      }
    },
    "vus_max": {
      "type": "gauge",
      "contains": "default",
      "values": {
        "value": 300,
        "min": 300,
        "max": 300
      }
    },
    "http_reqs": {
      "type": "counter",
      "contains": "default",
      "values": {
        "rate": 22.295718478861442,
        "count": 669
      }
    },
    "http_req_waiting": {
      "type": "trend",
      "contains": "time",
      "values": {
        "p(90)": 15000.712599999999,
        "p(95)": 15001.1076,
        "avg": 10745.770399103141,
        "min": 132.87,
        "med": 13599.009,
        "max": 15004.67
      }
    },
    "http_req_connecting": {
      "type": "trend",
      "contains": "time",
      "values": {
        "max": 709.597,
        "p(90)": 62.652,
        "p(95)": 72.81439999999999,
        "avg": 44.90858744394616,
        "min": 0,
        "med": 48.859
      }
    },
    "data_sent": {
      "values": {
        "count": 276165,
        "rate": 9203.732576554215
      },
      "type": "counter",
      "contains": "data"
    },
    "http_req_sending": {
      "type": "trend",
      "contains": "time",
      "values": {
        "p(95)": 0.06519999999999994,
        "avg": 0.03126606875934227,
        "min": 0.004,
        "med": 0.015,
        "max": 4.296,
        "p(90)": 0.043
      }
    }
  },
  "root_group": {
    "name": "",
    "path": "",
    "id": "d41d8cd98f00b204e9800998ecf8427e",
    "groups": [],
    "checks": [
        {
          "passes": 385,
          "fails": 284,
          "name": "status is 200~299",
          "path": "::status is 200~299",
          "id": "2074bc3185bb915d313c4b9f5f173d03"
        }
      ]
  },
  "options": {
    "summaryTrendStats": [
      "avg",
      "min",
      "med",
      "max",
      "p(90)",
      "p(95)"
    ],
    "summaryTimeUnit": "",
    "noColor": false
  }
}