{
  "state": {
    "isStdOutTTY": true,
    "isStdErrTTY": true,
    "testRunDurationMs": 30008.262
  },
  "metrics": {
    "vus": {
      "type": "gauge",
      "contains": "default",
      "values": {
        "value": 300,
        "min": 300,
        "max": 300
      }
    },
    "http_req_receiving": {
      "type": "trend",
      "contains": "time",
      "values": {
        "p(90)": 33.72100000000002,
        "p(95)": 98.28875,
        "avg": 22.1089935064935,
        "min": 0,
        "med": 15.231,
        "max": 220.466
      }
    },
    "http_req_failed": {
      "type": "rate",
      "contains": "default",
      "values": {
        "passes": 72,
        "fails": 544,
        "rate": 0.11688311688311688
      }
    },
    "data_received": {
      "type": "counter",
      "contains": "data",
      "values": {
        "count": 22819509,
        "rate": 760440.8745831399
      }
    },
    "iterations": {
      "type": "counter",
      "contains": "default",
      "values": {
        "count": 616,
        "rate": 20.52768001025851
      }
    },
    "http_req_blocked": {
      "values": {
        "avg": 48.6506493506496,
        "min": 0.001,
        "med": 17.8215,
        "max": 189.999,
        "p(90)": 154.352,
        "p(95)": 159.38049999999998
      },
      "type": "trend",
      "contains": "time"
    },
    "http_req_connecting": {
      "values": {
        "min": 0,
        "med": 13.111,
        "max": 181.913,
        "p(90)": 146.92450000000002,
        "p(95)": 152.78949999999998,
        "avg": 45.29926623376623
      },
      "type": "trend",
      "contains": "time"
    },
    "data_sent": {
      "values": {
        "count": 189612,
        "rate": 6318.659841079767
      },
      "type": "counter",
      "contains": "data"
    },
    "http_req_duration{expected_response:true}": {
      "type": "trend",
      "contains": "time",
      "values": {
        "avg": 10684.660738970597,
        "min": 1397.195,
        "med": 11709.2915,
        "max": 14897.879,
        "p(90)": 13961.8323,
        "p(95)": 14334.5935
      }
    },
    "http_reqs": {
      "type": "counter",
      "contains": "default",
      "values": {
        "count": 616,
        "rate": 20.52768001025851
      }
    },
    "iteration_duration": {
      "type": "trend",
      "contains": "time",
      "values": {
        "avg": 11229.035823985383,
        "min": 1398.533875,
        "med": 12227.3389795,
        "max": 15025.167333,
        "p(90)": 15001.370583,
        "p(95)": 15015.183562749999
      }
    },
    "checks": {
      "type": "rate",
      "contains": "default",
      "values": {
        "rate": 0.8831168831168831,
        "passes": 544,
        "fails": 72
      }
    },
    "http_req_duration": {
      "type": "trend",
      "contains": "time",
      "values": {
        "p(95)": 14966.54825,
        "avg": 11179.770767857153,
        "min": 1397.195,
        "med": 12184.984,
        "max": 15024.243,
        "p(90)": 14858.891000000001
      }
    },
    "http_req_sending": {
      "type": "trend",
      "contains": "time",
      "values": {
        "p(90)": 0.039,
        "p(95)": 0.062,
        "avg": 0.029842532467532466,
        "min": 0.004,
        "med": 0.017,
        "max": 0.896
      }
    },
    "http_req_tls_handshaking": {
      "type": "trend",
      "contains": "time",
      "values": {
        "max": 0,
        "p(90)": 0,
        "p(95)": 0,
        "avg": 0,
        "min": 0,
        "med": 0
      }
    },
    "http_req_waiting": {
      "values": {
        "avg": 11157.631931818192,
        "min": 1380.63,
        "med": 12167.7155,
        "max": 15024.209,
        "p(90)": 14858.864,
        "p(95)": 14966.539499999999
      },
      "type": "trend",
      "contains": "time"
    },
    "vus_max": {
      "type": "gauge",
      "contains": "default",
      "values": {
        "value": 300,
        "min": 300,
        "max": 300
      }
    }
  },
  "root_group": {
    "name": "",
    "path": "",
    "id": "d41d8cd98f00b204e9800998ecf8427e",
    "groups": [],
    "checks": [
        {
          "name": "status is 200~299",
          "path": "::status is 200~299",
          "id": "2074bc3185bb915d313c4b9f5f173d03",
          "passes": 544,
          "fails": 72
        }
      ]
  },
  "options": {
    "summaryTrendStats": [
      "avg",
      "min",
      "med",
      "max",
      "p(90)",
      "p(95)"
    ],
    "summaryTimeUnit": "",
    "noColor": false
  }
}